id,username,text,timestamp
1,agoodliff23,OKMezQigjVpfYCXyLEsUNrlZJIaDqHGxmBPFTWwhctndkSvAub,2021-12-04 09:25:54
2,erobez1i,CinvoVXSswNHgEPzpQRFkOBWDfLaKqYGyIlbhtTxuedZcjJmAr,2021-04-19 23:53:15
3,sturfes0,XVFpzdIlDHfigokEaATJORBbqmjuycGenNvwWhUPrSMCYsLZtx,2021-08-18 22:09:45
4,jyapp1z,BnHvzsMOLWkJoCXqVEefiTKjRdhbgFZcyuUatmlGQNIDAwxSrP,2021-04-18 23:52:46
5,egill1d,ZVQAMcYXUEywCrfsOeiaWuKoqJtHnRdNzhpjLTPxmgkBGDvSlb,2021-07-22 08:07:36
6,cambagek,zPbsgVqMfdUrwypFXLklDtTuIhivJxOZWEBRYamHCNKGecjnAQ,2021-08-11 05:21:55
7,bmacculloch1p,whlUSbGVKrmONDknRBHLWpdZzAexcFTPYIfqCuijEsQygMoJta,2021-05-09 16:49:36
8,cgrimwad1o,IhwzUuLKHqmYklEaAOynfWVQjdpFcsJeDNXgGPMxRSZtvTbiro,2021-01-19 12:34:03
9,cambagek,JMuIZeSxvnGqKojPhENYlCWBUiLOpFVQmkRgdbfrzATwHtyacD,2021-03-25 11:44:14
10,fzuenelli26,YMLnvOGwrQdyhIaEJxKBefbHlcFtUokASpNPiqZsXmRgWzujTV,2021-04-18 12:40:12
11,cchatb,AHEFchgYwWXBINndUyqCpJOVzSufZTiLrbvmPQDasRlteMGKok,2020-12-18 18:15:23
12,brunnett1k,sDaEqvgxrVZSMoPzcfOBpYjLeGnbJkdQUNXCuRlhWHTyKFwtiI,2021-04-07 05:32:11
13,egill1d,tNcsragybpxUORezSkiXwWqVdvEhoQBYulDCIfAGKjJTmZPMnF,2021-10-19 05:40:37
14,gwoan10,VduJcNhZbCFWDvBxjmrLIOgXHPpteyiQElTnksYowSGqKRAfUa,2021-02-05 18:37:56
15,yflemmich2c,wdsPEtHveZQGSnWRzTAqrKYIObchfFkjDugJVyaUMmBplioXNL,2020-11-28 03:51:23
16,hputtergill2m,mstgSGybkevAxMVPYZRQdjCWpzihaoJEwuFUHDBnNKXILrTclq,2021-03-23 22:41:12
17,akrishtopaittis4,TYneWyoDlcMRPpZrVdNqmXfLgawjBOiQEFUvACJhHtuIGKsbkz,2020-10-19 18:04:09
18,fharridayg,XZHylhCSONqtQoDcVPgRFkJEprGmUxfKzMnavLWubdYwsjBTAI,2021-04-07 06:36:19
19,nmurty2a,YyVdHthBOPTuZmApIvKMqwSDgNreGJnjkoXUFsaRcEWLizxQbf,2021-05-02 07:16:12
20,spatinkin1h,vxhTVekCFEgbLUwrXIZpJymtYdPQlfSusiAMHzRBjnNaDoqGWO,2020-12-18 17:46:48
21,spatinkin1h,ZnHevEusQjXqFwcapkVxImAKPWNoirfbBytlMCGROLgDJTdUYh,2021-06-30 12:44:46
22,sturfes0,LdnSNyqEovUBFDVGcYxlwWmRkirQPajJCHXIAtThZsfebOgupK,2021-02-24 19:03:16
23,fmcpeeters2,JsDpufPeYSbOXlmjiztqEIKvLWkTrVcHZRhgdnQMGNCBoUyAFw,2020-11-05 04:48:42
24,mfuller2h,dQhpXFwUkzPlaEeGSKuryAtCvfsqOLWMYRmZHJcojTNVxnbDig,2021-01-09 08:13:18
25,dtebald1a,eQuwljxmFbHOtUNYRIGPaprDBShqKLndWiVvzCJATEcfXZykoM,2021-12-17 13:50:55
26,erobez1i,elauqDgvsfpJyNZxYXkUIrFmzTbKPHVMoWRdwGABOtChLncEjS,2021-10-26 10:21:34
27,mboarleyson27,AUpZgOuwXvFzRiKPVQyjfkdDLHTnYomSBxJWEMtrCGqNsahcbI,2021-05-28 04:37:20
28,mboarleyson27,YsEtAWwkvZjUbxnurORpQcLGPoqdVNXfTFzmyKCBighHlDaJSM,2021-05-25 03:16:43
29,sturfes0,RwLCxdqlfBoOrsnvUbWiZIyDNzPFgJQjmGcMVYapEKTAktHheu,2021-02-18 21:10:10
30,dcarriageo,IPZyFgvqzDYmrRphsEclAokxMGjnBbOJdTaWSiVCLeKuwtNHXU,2020-12-21 21:11:45
31,apadilla29,EjnKSLayOVwtmZTfiPuDCWNrXRzJIbAUBFsvYHGgMclkohxdQq,2021-02-19 04:15:11
32,klethibridge6,dXRAGoThwzHEOksjPQcnxpmvBUlqCJMZfaLKiVWtbDrFuNSyYg,2020-12-13 05:40:30
33,fharridayg,QeGFzjxnuIhiCsRMpaJtZYyrWVXEkfSPvDBlmqHNOAoKLgdTbw,2021-04-23 18:39:49
34,drouchw,cNFefXIgyCZahJDRKtBpmwExOonHUlYAQjqLPWzuisTdrvSVMG,2021-09-29 03:36:41
35,cnoadn,cQLybGUelmMRPrdZoIOkBAVYguXqzThKHxpFvNDtiJjwsfWECS,2021-01-27 15:30:34
36,dtebald1a,qzFuEYJjpfHXStiNBeaUhKMwsTVIGmPWcRdkyZbxArnCDgOloQ,2021-06-26 13:00:46
37,aharsnipe1w,ePQymIJvFxaKDBwWRinOGhqYSfjrAETUpXHgdLtuCzbskZNloM,2021-10-22 20:14:04
38,dcantor1x,DCJQiKRuOctThkLnIvjAXpaqsoUFMPSZElgYHfWbBVdxmNwGzy,2021-05-11 19:50:00
39,aharsnipe1w,mviznShFCotrxwypLWYTJGagsflcAkMjQEHPeVRdNbUIKXuDOZ,2021-05-11 13:08:14
40,imacgillicuddyv,MtkGfpzZqOxdYhmDasAFKQTyvRibBWcHPCoJwjlUNeuIVnXSrE,2021-10-23 14:52:45
41,fpuleque2o,lkxRJbTQDNdCuZjwoSVtaOLBXqrhMyUeHzPmIgnfAYpcEiKsFv,2021-08-10 04:31:56
42,jyapp1z,CidotBhlKwgvWjxupqnSGJyrTkNEIbZDXQMcUsHVafLAPRYezm,2021-11-11 13:50:27
43,bbyatt1q,FYTpCPGNJmsDXrfxaihwzgqobBLKIAcZEtWdSQvOMeVUlnkHju,2020-11-12 06:32:19
44,cchatb,gHtIlukDXARrGZMWoEjmTVayspnOCzKUvNLYJibcQSfehwxFdq,2021-02-07 09:21:08
45,agoodliff23,VZiQUGdFBLEYJSWsuPoqRkXyMbrcgAhtDzxIjlOpnNCaTfHwev,2021-10-15 12:45:53
46,fharridayg,brtYMiaSLdGBKpQfzTUNmEDhosyOevRnWZqXxPgkFAljIcHVCJ,2021-12-18 14:01:26
47,ppotts17,bEcVIZGgpYmCMTKuvrwPeHsNxWtqhRJXjdDlaFLOQynkfoUiBz,2021-03-25 07:24:29
48,bcoffelta,UDWMKLYQuJbFVngCrSzXlHsIEPexwRaZBvoNpOGqihfcjATdty,2020-10-06 06:59:53
49,syegorchenkov21,jQzlOXLREYyBgNdUTtrGxsiDfCeKkJWbMPFvchunIamHZwVqSp,2020-11-19 19:43:53
50,cchatb,meBQEFGhKogRtuxTXcCwvIYOLPizyNJlWqfjbsZrDUakHAVnMp,2020-10-20 15:24:49
51,bgiddings1e,CxQtuBkPVcjpdAwJqmZsNrTMhEnYHoyvGOalLDfeFKUgRSWziX,2021-09-07 03:50:54
52,fmcpeeters2,rziBghjDnLVOfptImToecCRbZUkqQaSslGvwWJdyPFNMHxuXKY,2021-11-14 20:24:42
53,asandry1v,WwtYXNcJnCaSRKpgqZkrGViTzFufjAeLdOvDHEhUbBmMQsyxoP,2021-11-30 08:08:39
54,mfuller2h,FTJZpBfzhLClyKdqkPGvNYOgeUAwMRntHSoWsrVXDEmxuQjIai,2021-08-16 14:40:00
55,bmacculloch1p,faldkwSxzEMsLYKZoeNjbTRUtXGvDAVFJrphnByIOmQcuqHPWi,2021-05-05 20:58:07
56,vpennigarx,LmGTqrHIjhEfFQzvWAuoeawUOygxDYstKVkcRPinlXBdJpNZSM,2021-02-12 00:47:52
57,emcclaren1j,JdbtgHLXplykOoYEjZGaSDmsFATPzMuBfnxcUChQRwWIevVqri,2021-04-30 04:40:08
58,wsommerville1t,KzidsvXpauPBwUtRqGhIMbFgWEVoDyLcHCSmTnOQYxkjZlNreA,2021-08-04 21:20:06
59,wrapi18,GTUliJzYdgLSaIMHRpwZmvByAtjXEhVNFOWQfPuCqkcsexrKDo,2021-09-26 05:11:06
60,spullar25,MLAiBECpVyZSfFGrTmPnhdRNlaQjXkweJUHcIqObKozxDutvsW,2021-05-16 22:37:06
61,fblewitt1m,cRNoGCQtBOJLIVMYbviAklUjsuWFxZTmdwHDhpzSyaXKnPeEqg,2021-01-06 03:17:40
62,agillorans,dNZkhTVntyzeclrfaIbGJLFYREWPigDuCHKBmqOvUoAMsXSpjQ,2021-01-18 04:46:14
63,echatelainm,ZFarUCYbqimgWcoSXeNAMfkKtOnvQIEupPxTysJVljwzHhDdRG,2021-07-17 21:01:20
64,tbeedhamr,qWYirEZHAIVShyXajpOcxTPCfMduUkDBnoLKwsetJQlvgRbNGm,2021-06-17 02:19:49
65,aharsnipe1w,frOvqBwHXFEjCgRNnMAcWULVaZIxSsGJkDThPYteyomKpzibQl,2021-01-08 00:23:48
66,bbyatt1q,WYUEbnDoNprxtLAvHsOMwXGlKfuRZjgcIVqQzeJdkCaPThBiSm,2021-01-20 00:07:26
67,fmcpeeters2,aobxSiXQImKJkpGLUyzdlNPVwYrsgfMCteWRnOqEZHFDcuBThA,2021-01-14 14:08:42
68,rsmouten2p,EKxqZWyBcewLuYGkpMQXSfTiRPsVCbIhnNaJmOUvjDzoHlFrdg,2021-03-23 06:03:38
69,brunnett1k,AnNdqPSFkfvpcQjOVZgYteRyxUIrEoJambWKlMiCzTBhsXLDuG,2021-04-09 16:21:37
70,akrishtopaittis4,gUhzHZCTeSJwIRVEiABaWuLoFlGtPdqbrvONMnmcXfDyQsKpYk,2020-12-16 09:31:04
71,mboarleyson27,hvitojkpYLXKTlUEaIfFQCPgOJVNzeRZsyGbdwrqSmWuncHMAB,2021-12-18 10:40:59
72,gpavis2g,buEkLiBaWHYyxONtDmfwzIAZdqFTQnMoChsPlRKUScgVjGreJX,2021-01-05 02:03:20
73,gpavis2g,DHIKObPpFuTmshCNkdotzjvlqRyWwVAYBirMESXLQeZGcfxnaU,2021-12-08 00:54:22
74,rmackiewicz2n,bFEVzphtAyTQornSecdUiJOjmxRLPgfuIwWsHkYlMKCvZqBNGX,2021-08-23 04:11:01
75,nmurty2a,UnXTlJVeHOvCoFagKtuYipdbIPZrxMsRGhfwDANSzQyWkcmqLB,2021-09-02 04:56:50
76,ksaylor16,GZDifyQFoMElOuVAeLJSbdNnrzctHvYqWjCTsaBIPgUxkKpwXh,2021-08-27 13:39:54
77,spatinkin1h,JACeVvqijRDcBawHFUTgmXrWpxGSnQMLfZyIKhEOszYudoPlbt,2021-10-08 12:49:01
78,aboughtflower1s,qXEIpOBWKYefjtkCrwQZJhRHNvMFVaAPuDdSyTGzLlnsoUcmxg,2021-02-02 12:30:31
79,lbrayford12,sHplcJhgQnRAwIaCLNiSfvYdDjXMUVyEPWKBkZGrbmFqeoxOTu,2021-10-09 01:40:11
80,spatinkin1h,kWMbUTBgEudmvyxJLpohnGZjaVQztOFKSNsRIfXDYCPHqAelri,2020-10-25 17:30:22
81,ekolodziej3,bcLlFaDpztrHOCYWhAGnSBEJdyZwmQTiPgUKfxvkNoRjMVIsue,2021-09-24 13:40:25
82,ksaylor16,mcelhyiLFnoGOSgHxVqpWuXdDJUjCZzrRasQwAkfBEMtIPTYKv,2020-11-26 19:03:23
83,fzuenelli26,YNsKSUEnaOvIiDbfdzPxTMRGBrmCgwHWkuAhJVjtFqecpyLoXZ,2020-12-04 09:53:14
84,erobez1i,USDczfqXEvRMCdxrpVQuNkJTPyWYihmsotjOInlHFaeZgLbwGA,2021-08-28 04:33:59
85,dcarriageo,RKHEMLzPnlobDISxFuWhsZpqiwBNrVQdXUvtGCgeyAmaOcfJjk,2021-01-26 02:19:56
86,ksaylor16,wAbIRhYnTOMNWSsmfyeUXvlzPkHEiGqKDcZLJdCaQpojrtgFxV,2020-12-12 15:08:22
87,bparchment13,qEufAbTwLrtvBHJKnGlZyRIxsCNWXeDQjzdpFkSVmhagMPcoiO,2021-03-19 01:53:33
88,egill1d,rAfaVtYdhHFyOTsoiUcPRgSKnkmujMvqQbIZlwXNLxJGzDCpEe,2021-12-13 07:14:49
89,gwoan10,PmghnbHXvsplIBOyFuRiENVCzAWYkeUKLMfoqrwSjZxtQTGadJ,2021-09-28 18:48:10
90,aharsnipe1w,UZCSthMlJErTOYQHPzjVcKXRGwFxyabNDiLodApeIksWmnBqfg,2021-08-17 05:31:19
91,aboughtflower1s,HdLylvpiFSkmVMECXjYZGJrhRbUwsDWOKcxtzQugIePoABqfnN,2021-04-05 19:24:17
92,glethbrigi,bysCcrpBoqLHgmZPuOvnxQjezFMYtNkJAfGaUTWEXShKVIwDil,2020-12-20 19:56:32
93,asandry1v,KumIwdsVOABvcQZPUEpfnyLrHXNRWTtzjoaeCgkFMbYlhJqSxi,2021-09-15 17:01:38
94,gpavis2g,rRegzfSZoPYquNhIjHJbEylAwOnCDxGvTKitLXUMmdkapsVFWc,2021-04-22 19:04:42
95,rlawlor5,YnjRicMgqfuOHFkKJrbTZvmNQPsLpWCoAzhEdIwBtGUDVelSXa,2021-01-09 01:57:17
96,apadilla29,aXgoHIqydtYLnxbQTjwGklJFShzpMDBmfiAcRuerEvOCZVsKPN,2021-04-19 07:39:07
97,itoogood1b,ErWFGvDdecnasUMuAXIfiQlqLktPbBjHYTZVOzoySCgKNRmpwh,2021-07-09 16:35:19
98,erobez1i,DITUrvnZkjPVmCKJGtNHYpOgEqSFhaulyLwicQBfWMXoexbRsz,2021-10-24 07:07:32
99,mfuller2h,vZciSBoKzlseqNAMJPEwVWduIaLrkUmxTDngCbFfpYXyGQHRtj,2021-12-22 21:46:25
100,fblewitt1m,usQdSMvOwkfKylrRNGapetYjmzxUEciHoWghCPqDBLIFXTZJbV,2021-06-30 12:08:54