id,username,bio,email,password
1,sturfes0,Beni Suef University,mgibberd0@simplemachines.org,DSfFbVLvuTEu
2,jragat1,The Leadership Institute of Seattle,mbirchner1@jiathis.com,tVdLl6PYcW7
3,fmcpeeters2,"Arkansas State University, Mountain Home",rstannett2@ebay.com,kGGruYI5Owl
4,ekolodziej3,Sojourner-Douglass College,gfrisch3@joomla.org,D8f4BRv
5,akrishtopaittis4,Université d'Auvergne (Clermont-Ferrand I),edoucette4@sphinn.com,eXMbzVw
6,rlawlor5,Karolinska Institute Stockholm,czuanazzi5@1688.com,sbjEEIveJG2
7,klethibridge6,Universidad Bicentenaria de Aragua,sreichelt6@yandex.ru,mBeWm8I0hV
8,rgoodwell7,Damanhour University,jbarttrum7@geocities.com,LFbZrt3gk
9,toxberry8,Smolensk State Medical Academy,kperot8@ocn.ne.jp,zYlc1RsIe9
10,askingle9,Queen's University,mruppel9@mac.com,M9Lo8E0DW
11,bcoffelta,Universidad Politécnica de Cartagena,ecaplisa@etsy.com,WMoFkqIGZPr
12,cchatb,Management and Science University,jedmansb@mac.com,x5qFkNVv
13,hantczakc,Universidad de Comunicación Avanzada,hgrigolettic@sphinn.com,T0vDgUPqNj
14,achelsomd,Fachhochschule Regensburg,tdeeleyd@earthlink.net,mXTy0Z5F
15,rventome,Escuela Politécnica Nacional,dmccombee@dailymail.co.uk,ApYrJR2BZTZj
16,agiraudeauf,Universidad del Desarrollo,pweatherupf@constantcontact.com,pA2Ljy
17,fharridayg,Florida Agricultural and Mechanical University,rrosasg@live.com,66HTECau6
18,glangeleyh,Universidad de Sonora,jdenseyh@comcast.net,XPxzVKBFQBb
19,glethbrigi,Zanjan University,pyakubovi@state.gov,fOGt2kf91au
20,srafej,Tomakomai Komazawa University,aszapiroj@slideshare.net,OInkpO
21,cambagek,Aalborg University,hcorkk@angelfire.com,zA9LJkM4
22,jmatisoffl,Western Illinois University,pmadgewickl@bbc.co.uk,Bm0gFPDhMZKI
23,echatelainm,Pontifícia Universidade Católica de Campinas,bneilanm@huffingtonpost.com,k2B6fg
24,cnoadn,Marymount Manhattan College,vmcmenaminn@unicef.org,p6Grv6y2
25,dcarriageo,Universidad Metropolitana Latin Campus,ngeereo@bbc.co.uk,7FewY6V9
26,preynoldsp,Xiangtan University,eduxburyp@opera.com,UtQMlood
27,sdrinkelq,University of Surrey,tpauntonq@xinhuanet.com,qtANuufo
28,tbeedhamr,Universidad Nacional de San Juan,palgarr@acquirethisname.com,SopMom
29,agillorans,Teikyo University of Science and Technology,wakids@usda.gov,6bEQkn5GH0S1
30,hleagast,Universidad Pontificia Comillas,bambergt@nps.gov,jJ5O0Y0HA1Q
31,lmccoolu,Technological Education Institute of Kozani,eghidoniu@twitpic.com,Lu5rWKsuB
32,imacgillicuddyv,Tajik National University,sabramowitzv@patch.com,jZFPRhjX3
33,drouchw,Centre Universitaire de Jijel,ktompionw@pinterest.com,bQxiFceGo
34,vpennigarx,Deaconess College of Nursing,ssaddletonx@slideshare.net,b4XgsQ
35,kjahnsy,Agricultural University of Plovdiv,wfesslery@ca.gov,mh9VRTF
36,cvialsz,Universidad La Salle Cuernavaca,ryurkiewiczz@loc.gov,PYSFTUNwwQI
37,gwoan10,Alvernia College,sreinert10@nhs.uk,LuuaBPANDZK7
38,adignon11,University of Rousse,mwhillock11@unicef.org,gJhyuJRJD
39,lbrayford12,Marymount Manhattan College,agyurkovics12@youtu.be,GUCbtDIPI
40,bparchment13,Barclay College,jguilayn13@va.gov,TkHVbT3E
41,ggaye14,Yunnan Agriculture University,fcrackett14@amazon.co.uk,qrKIfc
42,fallom15,College of the Ozarks,fstrang15@about.me,poQw9A2
43,ksaylor16,Universidade Federal de São Carlos,tcossentine16@ehow.com,vmIDDUdfSlpk
44,ppotts17,"Instituto Politécnico Nacional, Campus Guanajuato",gedgecumbe17@addtoany.com,Jqp60WRm2P
45,wrapi18,Babson College,tdibb18@dot.gov,PLIRw3m9
46,gmack19,Adventist University of Africa,ggroocock19@moonfruit.com,bxWv7Q0yn
47,dtebald1a,Guangzhou Academy of Fine Art,gfontelles1a@hugedomains.com,HdtksC
48,itoogood1b,St. Ambrose University,imerryman1b@addtoany.com,AVIY2FyB
49,mgauchier1c,Birla Institute of Technology and Science,pkydd1c@webmd.com,bSLrPOUhewk
50,egill1d,University of Nova Gorica,mdanks1d@youtube.com,2t9bxVAZk
51,bgiddings1e,Al Muthanna University,cmarian1e@si.edu,WIlGNrI
52,tinchan1f,University of Kalyani,gsheldrake1f@opensource.org,ZG6UwzOww
53,tmuller1g,Donetsk National Technical University,mfookes1g@blogtalkradio.com,b633wphg3bJ
54,spatinkin1h,Ontario College of Art and Design,jjossel1h@sina.com.cn,HdmlN0xQN
55,erobez1i,National Cheng Kung University,seger1i@nymag.com,HXoXKzD
56,emcclaren1j,Université de la Reunion,mfolkes1j@zimbio.com,bGm7OhILK
57,brunnett1k,Batterjee Medical College,rlineker1k@statcounter.com,Xqv8nSskmt4
58,etrevorrow1l,Eckerd College,hwiltsher1l@nationalgeographic.com,KUsgKh4pYXNC
59,fblewitt1m,Godfrey Okoye University,eattestone1m@tripod.com,s499StZZ5Xq8
60,gcrannach1n,St. Joseph's College New York,jklarzynski1n@barnesandnoble.com,HFR0qwWLu
61,cgrimwad1o,Universidad Autónoma de Centro América,mkingswell1o@google.de,1yhxnKVP
62,bmacculloch1p,Himeji Institute of Technology,dmayman1p@sciencedaily.com,Mb0X80R2N
63,bbyatt1q,Heisei International University,tcord1q@squidoo.com,KDW7Yp
64,twoods1r,University of Management & Technology,gromke1r@nifty.com,JDRMkgy149Wb
65,aboughtflower1s,Instituto Tecnológico Autonómo de México,ithaw1s@biglobe.ne.jp,4iseK18jT
66,wsommerville1t,National University of Science and Technology,ywestrey1t@buzzfeed.com,HJo7OZ9AqCzv
67,wmccobb1u,Universidade Autónoma de Lisboa Luís de Camoes,gpeagrim1u@hugedomains.com,cMspRYxHuK5N
68,asandry1v,Alahgaff University,dblazic1v@google.fr,z4vR09ZmB
69,aharsnipe1w,Volgograd Medical Academy,wfilippozzi1w@apple.com,PGMXO3aGPo
70,dcantor1x,Université Paris-Sorbonne (Paris IV),cobington1x@sogou.com,T9gj4HayI
71,ddehooge1y,University of the Incarnate World,lmcphee1y@so-net.ne.jp,BdacTy9
72,jyapp1z,Ashland University,bdahler1z@uiuc.edu,SWwtotcjq
73,rsmallcomb20,Al Imam Al-Ouzai University,zingledew20@mozilla.com,Rt9dEke
74,syegorchenkov21,Sebha University,ebrosoli21@miitbeian.gov.cn,G57kVXr7qBNv
75,leaklee22,The Cooper Union for the Advancement of Science and Art,lgalbraith22@aol.com,vSmw7vNn
76,agoodliff23,Kazan State Academy of Architecture and Civil Engineering,mscullion23@is.gd,EjTEmjg15
77,rcowely24,Aarhus School of Business,sedds24@sourceforge.net,Y49ax0GCr
78,spullar25,Eastern Washington University,ssmitton25@amazon.de,GrfnjNWbjUMp
79,fzuenelli26,Deylaman Institute of Higher Education,eatkin26@indiatimes.com,KzrKyU
80,mboarleyson27,University of Kuopio,sfealy27@addtoany.com,9RjzBj4kjy
81,kdashkov28,Nanzan University,grechert28@hud.gov,tckKvT
82,apadilla29,Redeemers University,sspencers29@si.edu,ZmdsseajH
83,nmurty2a,Universitas Indonesia,frankling2a@unblog.fr,lZZGw9o9CO79
84,emarcome2b,Khurasan University,tioannou2b@psu.edu,xEFIbpC6M
85,yflemmich2c,Hiroshima Kokusai Gakuin University,ftumilson2c@apple.com,W08mvWj
86,ofearney2d,Chung-Ju National University,dgrimsdell2d@last.fm,I1IPTpcIp
87,wgain2e,University of Zürich,mlabro2e@soup.io,3cQ38Mo
88,bgiorgini2f,Voronezh State Medical Academy,pgorman2f@imageshack.us,PysTRBEge7
89,gpavis2g,Yan Shan University,cgilhooly2g@timesonline.co.uk,xPMY2sg6TInB
90,mfuller2h,Kokugakuin University,achatain2h@admin.ch,9KDHJDz
91,jantonik2i,Brookdale Community College,mhenric2i@xinhuanet.com,TXm2oX
92,evella2j,Universidad Alas Peruanas,cgilcriest2j@twitpic.com,j8d9uO3wnUDA
93,sghion2k,International University School of Medicine (IUSOM),cmateev2k@51.la,1uB9Ax9EYQ
94,jbestwall2l,CMJ University,hspiteri2l@e-recht24.de,dgCgjUgmoV
95,hputtergill2m,University of New England,jtearle2m@drupal.org,GYcYVc0xmYPa
96,rmackiewicz2n,Sebatian Kolowa University College,mbratchell2n@cornell.edu,0i8BtPhUArL2
97,fpuleque2o,Daiichi University of Economics,aphillpotts2o@miibeian.gov.cn,Qt7CLe11
98,rsmouten2p,Humphreys College,adonisi2p@yolasite.com,Sg0JsITx
99,dgerbl2q,Hirosaki University,whumphries2q@marriott.com,lfjjZhdIiD
100,yhefferan2r,Harbin Institute of Technology,cjosifovic2r@over-blog.com,sX0QbGZxn96